{
    "UG5X": "Kobuleti",
    "UG23": "Gudauta",
    "UG24": "Tbilisi - Soganlug",
    "UG27": "Vaziani",
    "UGKO": "Kutaisi - Kopintnari",
    "UGKS": "Senaki - Kolkhi",
    "UGSB": "Batumi",
    "UGSS": "Subkumi - Babushara",
    "UGTB": "Tbilisi - Lochini",
    "URKA": "Anapa - Vityazevo",
    "URKG": "Gelendzihik",
    "URKH": "Maykop - Khanskaya",
    "URKK": "Krasnodar - Pashkovsky",
    "URKL": "Krasnodar - Center",
    "URKN": "Novorossiysk",
    "URKW": "Krymsk",
    "URMM": "Mineralnye Vody",
    "URMN": "Nalchik",
    "URMO": "Beslan",
    "URSS": "Sochi - Adler",
    "XRMF": "Mozdok",

    "OOKB": "Khasab",
    "OMRK": "Ras Al Khaimah",
    "OMSJ": "Sharaj Intl",
    "OMSN": "Sir Abu Nuayr",
    "OMDB": "Dubai Intl",
    "OMFJ": "Fujairah Intl",
    "OMDM": "Al Minhad AB",
    "OMDW": "Al Maktoum Intl",
    "OMNK": "Sas Al Nakheel",
    "OMAD": "Al-Bateen Exec",
    "OMAA": "Abu Dhabi Intl",
    "OMAL": "Al Ain Intl",
    "OMAM": "Al Dhafra AB",
    "OMLW": "Liwa AB",
    "OISS": "Shiraz Intl",
    "OIKK": "Kerman",
    "OIKJ": "Jiroft",
    "OISL": "Lar AB",
    "OIKP": "Havadarya",
    "OIKB": "Bandar Abbas",
    "OIBV": "Levan Island",
    "OIBK": "Kish Intl",
    "OIBL": "Bandar Lengeh",
    "OIKQ": "Qeshm Island",
    "OITK": "Tunb Kochak",
    "OIGI": "Tunb Island AB",
    "OIBS": "Sirri Island",
    "OIBA": "Aba Musa Island",
    "OISJ": "Barder-e-Jask",

    "LTFG": "Gazipasa",
    "LTAG": "Incirlik AB",
    "LTAF": "Adana Sakirpasa Intl",
    "LTAJ": "Gaziantep Intl",
    "LTDA": "Hatay",
    "LTCS": "Sanliurfa",
    "OS71": "Minakh Helipt",
    "OSAP": "Aleppo Intl",
    "OS66": "Kuweires AB",
    "OS62": "Jirah AB",
    "AG2611": "Taftanaz Helipt",
    "OS57": "Abu Al-Duhur AB",
    "OS59": "Tabqa AB",
    "OSDZ": "Deir Ez-Zor",
    "OSLK": "Bassel Al-Assad",
    "OS58": "Hama AB",
    "OS70": "Al Qusayr AB",
    "OS65": "Shayrat AB",
    "OS72": "Tiyas AB",
    "OSPR": "Palymyra",
    "OS64": "An Nasiriyah AB",
    "OS61": "Al-Dumayr AB",
    "OS68": "Sayqal AB",
    "OS67": "Mezzeh AB",
    "AG4485": "Marj As Sultan NTH Helipt",
    "AG4486": "Marj As Sultan STH Helipt",
    "AG4487": "Qabr As Sitt Helipt",
    "OSDI": "Damascus Intl",
    "OLKA": "Rene Mouawad AB",
    "Z190": "Wujah Al Hajar AB",
    "OLBA": "Beiruit Intl",
    "OLRA": "Rayak AB",
    "UNFIL": "UNFIL HQ Naqoura",
    "LLKS": "Kiryat Shmona",
    "LLIB": "Rosh Pina",
    "LLHA": "Haifa Intl",
    "LLRD": "Ramat David Intl",
    "LLMG": "Megiddo",
    "LLES": "Ein Shemer",
    "OJMF": "Mafraq AB",
    "OJHR": "H4 AB",
    "AG1080": "Pinarbasi AB",
    "LCEN": "Ercan Intl",
    "LCGK": "Gecitkale AB",
    "LCNC": "Nicosia Intl",
    "LCRO": "Lakatima AB",
    "LCLK": "Larnaca Intl",
    "LCPH": "Paphos Intl",
    "LCRA": "RAF Akrotiri",
    "LCRE": "RAF Kingsfield",

    "KVGT": "North Las Vegas",
    "KLAS": "McCarran Intl",
    "KHND": "Henderson Executive",
    "KBVU": "Boulder City",
    "KIFP": "Laughlin/Bullhead Intl",
    "KLSV": "Nellis AFB",
    "KINS": "Creech AFB",
    "KXTA": "Groom Lake AFB",
    "KBTY": "Beatty",
    "KY14": "Lincoln County",
    "KHQZ": "Mesquite",
    "KTPH": "Tonopah",
    "KTNX": "Tonopah Test Range",

    "PGRO": "Rota Intl",
    "PGSN": "Saipan Intl",
    "PGWT": "Pinian Intl",
    "PGUM": "Antonia B. Won Pat Intl",
    "PGUA": "Andersen AFB"
}
