{
	"A10": {
		"APC": "C",
		"MTOW": 22700,
		"RECAT": "LM",
		"Name": "A10 Thunderbolt 2"
	},
	"A109": {
		"APC": "A",
		"MTOW": 3000,
		"RECAT": "L",
		"Name": "AW109 Power"
	},
	"A124": {
		"APC": "C",
		"MTOW": 405000,
		"RECAT": "SH",
		"Name": "An124 Ruslan"
	},
	"A129": {
		"APC": "A",
		"MTOW": 4600,
		"RECAT": "L",
		"Name": "Mangusta"
	},
	"A19N": {
		"APC": "C",
		"MTOW": 75500,
		"RECAT": "UM",
		"Name": "A319neo"
	},
	"A20N": {
		"APC": "C",
		"MTOW": 79000,
		"RECAT": "UM",
		"Name": "A320neo"
	},
	"A21N": {
		"APC": "C",
		"MTOW": 97000,
		"RECAT": "UM",
		"Name": "A321neo"
	},
	"A225": {
		"APC": "C",
		"MTOW": 600000,
		"RECAT": "S",
		"Name": "An225 Mriya"
	},
	"A306": {
		"APC": "C",
		"MTOW": 171700,
		"RECAT": "LH",
		"Name": "A-300-600"
	},
	"A30B": {
		"APC": "C",
		"MTOW": 165000,
		"RECAT": "LH",
		"Name": "A300"
	},
	"A310": {
		"APC": "C",
		"MTOW": 150000,
		"RECAT": "LH",
		"Name": "A-310"
	},
	"A318": {
		"APC": "C",
		"MTOW": 59000,
		"RECAT": "UM",
		"Name": "A318"
	},
	"A319": {
		"APC": "C",
		"MTOW": 64000,
		"RECAT": "UM",
		"Name": "A319"
	},
	"A320": {
		"APC": "C",
		"MTOW": 73900,
		"RECAT": "UM",
		"Name": "A320"
	},
	"A321": {
		"APC": "C",
		"MTOW": 83000,
		"RECAT": "UM",
		"Name": "A321"
	},
	"A332": {
		"APC": "C",
		"MTOW": 230000,
		"RECAT": "UH",
		"Name": "A330-200"
	},
	"A333": {
		"APC": "C",
		"MTOW": 230000,
		"RECAT": "UH",
		"Name": "A330-300"
	},
	"A338": {
		"APC": "C",
		"MTOW": 251000,
		"RECAT": "UH",
		"Name": "A330-800"
	},
	"A339": {
		"APC": "D",
		"MTOW": 251000,
		"RECAT": "UH",
		"Name": "A330-900"
	},
	"A342": {
		"APC": "D",
		"MTOW": 275000,
		"RECAT": "UH",
		"Name": "A340-200"
	},
	"A343": {
		"APC": "D",
		"MTOW": 275000,
		"RECAT": "UH",
		"Name": "A340-300"
	},
	"A345": {
		"APC": "D",
		"MTOW": 368000,
		"RECAT": "UH",
		"Name": "A340-500"
	},
	"A346": {
		"APC": "D",
		"MTOW": 368000,
		"RECAT": "UH",
		"Name": "A340-600"
	},
	"A359": {
		"APC": "C",
		"MTOW": 268000,
		"RECAT": "UH",
		"Name": "A350-900 XWB"
	},
	"A35K": {
		"APC": "D",
		"MTOW": 319000,
		"RECAT": "UH",
		"Name": "A350-1000 XWB"
	},
	"A388": {
		"APC": "C",
		"MTOW": 560000,
		"RECAT": "SH",
		"Name": "A-380-800"
	},
	"A3ST": {
		"APC": "C",
		"MTOW": 155000,
		"RECAT": "LH",
		"Name": "A300ST Beluga"
	},
	"A4": {
		"APC": "C",
		"MTOW": 11136,
		"RECAT": "L",
		"Name": "Skyhawk"
	},
	"A400": {
		"APC": "C",
		"MTOW": 141000,
		"RECAT": "LH",
		"Name": "A-400M Atlas"
	},
	"A6": {
		"APC": "B",
		"MTOW": 28000,
		"RECAT": "LM",
		"Name": "A6 Intruder,Prowler"
	},
	"A748": {
		"APC": "B",
		"MTOW": 21090,
		"RECAT": "LM",
		"Name": "748"
	},
	"AC11": {
		"APC": "A",
		"MTOW": 1480,
		"RECAT": "L",
		"Name": "112 Commander 112"
	},
	"AC50": {
		"APC": "A",
		"MTOW": 3060,
		"RECAT": "L",
		"Name": "500 Commander 500"
	},
	"AC56": {
		"APC": "A",
		"MTOW": 3060,
		"RECAT": "L",
		"Name": "560 Commander 560"
	},
	"AC68": {
		"APC": "A",
		"MTOW": 3860,
		"RECAT": "L",
		"Name": "680F Commander 680F"
	},
	"AC6L": {
		"APC": "A",
		"MTOW": 4650,
		"RECAT": "L",
		"Name": "680FL Grand Commander"
	},
	"AC95": {
		"APC": "B",
		"MTOW": 5080,
		"RECAT": "L",
		"Name": "695 Jetprop Commander 980/1000"
	},
	"AEST": {
		"APC": "B",
		"MTOW": 2860,
		"RECAT": "L",
		"Name": "600,601 (AEROSTAR)"
	},
	"AJET": {
		"APC": "B",
		"MTOW": 7000,
		"RECAT": "L",
		"Name": "Alpha Jet"
	},
	"AMXM": {
		"APC": "C",
		"MTOW": 13000,
		"RECAT": "--",
		"Name": "ALENIA AMX"
	},
	"AN12": {
		"APC": "C",
		"MTOW": 61000,
		"RECAT": "UM",
		"Name": "An12"
	},
	"AN2": {
		"APC": "A",
		"MTOW": 5500,
		"RECAT": "L",
		"Name": "AICSA An-2"
	},
	"AN22": {
		"APC": "C",
		"MTOW": 225000,
		"RECAT": "UH",
		"Name": "An22 Antheus"
	},
	"AN24": {
		"APC": "B",
		"MTOW": 21000,
		"RECAT": "LM",
		"Name": "An24"
	},
	"AN26": {
		"APC": "B",
		"MTOW": 24000,
		"RECAT": "LM",
		"Name": "An26"
	},
	"AN28": {
		"APC": "A",
		"MTOW": 6500,
		"RECAT": "L",
		"Name": "An28"
	},
	"AN30": {
		"APC": "B",
		"MTOW": 21800,
		"RECAT": "LM",
		"Name": "An-30"
	},
	"AN32": {
		"APC": "B",
		"MTOW": 27000,
		"RECAT": "LM",
		"Name": "An-32,Firekiller (Sutlej)"
	},
	"AN38": {
		"APC": "B",
		"MTOW": 8800,
		"RECAT": "L",
		"Name": "An-38"
	},
	"AN70": {
		"APC": "C",
		"MTOW": 130000,
		"RECAT": "LH",
		"Name": "An-70"
	},
	"AN72": {
		"APC": "B",
		"MTOW": 34500,
		"RECAT": "LM",
		"Name": "An-72/74"
	},
	"AS32": {
		"APC": "A",
		"MTOW": 9350,
		"RECAT": "L",
		"Name": "Super Puma"
	},
	"ASTR": {
		"APC": "B",
		"MTOW": 11180,
		"RECAT": "L",
		"Name": "Gulfstream G100"
	},
	"AT43": {
		"APC": "B",
		"MTOW": 16700,
		"RECAT": "LM",
		"Name": "ALENIA ATR-42-300/320"
	},
	"AT44": {
		"APC": "B",
		"MTOW": 17900,
		"RECAT": "LM",
		"Name": "ATR-42-400"
	},
	"AT45": {
		"APC": "B",
		"MTOW": 18600,
		"RECAT": "LM",
		"Name": "ALENIA ATR-42-500"
	},
	"AT72": {
		"APC": "B",
		"MTOW": 21500,
		"RECAT": "LM",
		"Name": "ALENIA ATR-72"
	},
	"AT75": {
		"APC": "B",
		"MTOW": 23000,
		"RECAT": "LM",
		"Name": "ATR-72-500"
	},
	"ATLA": {
		"APC": "C",
		"MTOW": 43500,
		"RECAT": "UM",
		"Name": "1150 Atlantic"
	},
	"ATP": {
		"APC": "B",
		"MTOW": 22930,
		"RECAT": "LM",
		"Name": "ATP"
	},
	"B06": {
		"APC": "A",
		"MTOW": 1451,
		"RECAT": "L",
		"Name": "Bell JetRanger"
	},
	"B1": {
		"APC": "D",
		"MTOW": 216365,
		"RECAT": "LH",
		"Name": "B-1 Lancer"
	},
	"B190": {
		"APC": "B",
		"MTOW": 7690,
		"RECAT": "L",
		"Name": "1900 (C-12J)"
	},
	"B2": {
		"APC": "C",
		"MTOW": 170550,
		"RECAT": "S",
		"Name": "B-2 Spirit"
	},
	"B230": {
		"APC": "A",
		"MTOW": 3810,
		"RECAT": "L",
		"Name": "Bell 230"
	},
	"B350": {
		"APC": "B",
		"MTOW": 6800,
		"RECAT": "L",
		"Name": "B300 Super King Air 350"
	},
	"B37M": {
		"APC": "C",
		"MTOW": 80000,
		"RECAT": "UM",
		"Name": "BOEING 737 MAX 7"
	},
	"B38M": {
		"APC": "D",
		"MTOW": 82600,
		"RECAT": "UM",
		"Name": "BOEING 737 MAX 8"
	},
	"B39M": {
		"APC": "D",
		"MTOW": 88300,
		"RECAT": "UM",
		"Name": "BOEING 737 MAX 9"
	},
	"B3XM": {
		"APC": "D",
		"MTOW": 89800,
		"RECAT": "UM",
		"Name": "BOEING 737 MAX 10"
	},
	"B412": {
		"APC": "A",
		"MTOW": 5397,
		"RECAT": "L",
		"Name": "Agusta-Bell 412 Grifone"
	},
	"B430": {
		"APC": "A",
		"MTOW": 4218,
		"RECAT": "L",
		"Name": "Bell 430"
	},
	"B461": {
		"APC": "C",
		"MTOW": 23290,
		"RECAT": "LM",
		"Name": "BAe-146-100"
	},
	"B462": {
		"APC": "C",
		"MTOW": 42200,
		"RECAT": "LM",
		"Name": "BAe-146-200"
	},
	"B463": {
		"APC": "C",
		"MTOW": 46000,
		"RECAT": "LM",
		"Name": "BAe-146-300"
	},
	"B52": {
		"APC": "E",
		"MTOW": 221350,
		"RECAT": "S",
		"Name": "B-52 Stratofortress"
	},
	"B701": {
		"APC": "C",
		"MTOW": 86184,
		"RECAT": "UM",
		"Name": "707-100"
	},
	"B703": {
		"APC": "C",
		"MTOW": 150800,
		"RECAT": "LH",
		"Name": "707-300"
	},
	"B712": {
		"APC": "C",
		"MTOW": 54885,
		"RECAT": "LM",
		"Name": "717-200"
	},
	"B720": {
		"APC": "C",
		"MTOW": 108000,
		"RECAT": "LH",
		"Name": "BOEING 720"
	},
	"B722": {
		"APC": "C",
		"MTOW": 95300,
		"RECAT": "UM",
		"Name": "727-200"
	},
	"B731": {
		"APC": "C",
		"MTOW": 49950,
		"RECAT": "LM",
		"Name": "737-100"
	},
	"B732": {
		"APC": "C",
		"MTOW": 52390,
		"RECAT": "LM",
		"Name": "737-200"
	},
	"B733": {
		"APC": "C",
		"MTOW": 56470,
		"RECAT": "LM",
		"Name": "737-300"
	},
	"B734": {
		"APC": "C",
		"MTOW": 62820,
		"RECAT": "LM",
		"Name": "737-400"
	},
	"B735": {
		"APC": "C",
		"MTOW": 52390,
		"RECAT": "LM",
		"Name": "737-500"
	},
	"B736": {
		"APC": "C",
		"MTOW": 56240,
		"RECAT": "UM",
		"Name": "737-600"
	},
	"B737": {
		"APC": "C",
		"MTOW": 66320,
		"RECAT": "UM",
		"Name": "737-700"
	},
	"B738": {
		"APC": "D",
		"MTOW": 70530,
		"RECAT": "UM",
		"Name": "737-800"
	},
	"B739": {
		"APC": "D",
		"MTOW": 79015,
		"RECAT": "UM",
		"Name": "737-900"
	},
	"B741": {
		"APC": "D",
		"MTOW": 333400,
		"RECAT": "UH",
		"Name": "747-100"
	},
	"B742": {
		"APC": "D",
		"MTOW": 374850,
		"RECAT": "UH",
		"Name": "747-200"
	},
	"B743": {
		"APC": "D",
		"MTOW": 374850,
		"RECAT": "UH",
		"Name": "747-300"
	},
	"B744": {
		"APC": "D",
		"MTOW": 396890,
		"RECAT": "UH",
		"Name": "747-400"
	},
	"B748": {
		"APC": "D",
		"MTOW": 442250,
		"RECAT": "UH",
		"Name": "Boeing 747-8"
	},
	"B74D": {
		"APC": "D",
		"MTOW": 378182,
		"RECAT": "UH",
		"Name": "BOEING 747-400 Domestic"
	},
	"B74R": {
		"APC": "D",
		"MTOW": 340190,
		"RECAT": "UH",
		"Name": "747SR"
	},
	"B74S": {
		"APC": "C",
		"MTOW": 317520,
		"RECAT": "UH",
		"Name": "747SP"
	},
	"B752": {
		"APC": "C",
		"MTOW": 115680,
		"RECAT": "LH",
		"Name": "757-200"
	},
	"B753": {
		"APC": "D",
		"MTOW": 123600,
		"RECAT": "LH",
		"Name": "757-300"
	},
	"B762": {
		"APC": "C",
		"MTOW": 179170,
		"RECAT": "LH",
		"Name": "767-200ER"
	},
	"B763": {
		"APC": "C",
		"MTOW": 186880,
		"RECAT": "LH",
		"Name": "767-300ER"
	},
	"B764": {
		"APC": "D",
		"MTOW": 204120,
		"RECAT": "LH",
		"Name": "767-400"
	},
	"B772": {
		"APC": "C",
		"MTOW": 247210,
		"RECAT": "UH",
		"Name": "BOEING 777-200"
	},
	"B773": {
		"APC": "D",
		"MTOW": 299370,
		"RECAT": "UH",
		"Name": "BOEING 777-300"
	},
	"B77L": {
		"APC": "C",
		"MTOW": 347500,
		"RECAT": "UH",
		"Name": "Boeing 777-200LR"
	},
	"B77W": {
		"APC": "D",
		"MTOW": 351500,
		"RECAT": "UH",
		"Name": "BOEING 777-300ER"
	},
	"B788": {
		"APC": "C",
		"MTOW": 228000,
		"RECAT": "UH",
		"Name": "787-8 Dreamliner"
	},
	"BA11": {
		"APC": "C",
		"MTOW": 45201,
		"RECAT": "LM",
		"Name": "BAC 1-11"
	},
	"BCS1": {
		"APC": "C",
		"MTOW": 63100,
		"RECAT": "LM",
		"Name": "Airbus A220-100"
	},
	"BCS3": {
		"APC": "C",
		"MTOW": 69900,
		"RECAT": "LM",
		"Name": "AIRBUS A-220-300"
	},
	"BDOG": {
		"APC": "A",
		"MTOW": 1066,
		"RECAT": "L",
		"Name": "Bulldog"
	},
	"BE10": {
		"APC": "B",
		"MTOW": 5350,
		"RECAT": "L",
		"Name": "100 King Air"
	},
	"BE20": {
		"APC": "B",
		"MTOW": 5670,
		"RECAT": "L",
		"Name": "King Air 200"
	},
	"BE23": {
		"APC": "A",
		"MTOW": 1090,
		"RECAT": "L",
		"Name": "23 Musketeer,Sundowner"
	},
	"BE33": {
		"APC": "A",
		"MTOW": 1390,
		"RECAT": "L",
		"Name": "33 Debonair,Bonanza (E-24)"
	},
	"BE36": {
		"APC": "A",
		"MTOW": 1650,
		"RECAT": "L",
		"Name": "36 Bonanza (piston)"
	},
	"BE40": {
		"APC": "B",
		"MTOW": 7300,
		"RECAT": "L",
		"Name": "Beechjet 400"
	},
	"BE50": {
		"APC": "A",
		"MTOW": 2860,
		"RECAT": "L",
		"Name": "50 Twin Bonanza"
	},
	"BE55": {
		"APC": "B",
		"MTOW": 2300,
		"RECAT": "L",
		"Name": "55 Baron"
	},
	"BE58": {
		"APC": "B",
		"MTOW": 2500,
		"RECAT": "L",
		"Name": "58 Baron"
	},
	"BE60": {
		"APC": "B",
		"MTOW": 3070,
		"RECAT": "L",
		"Name": "60 Duke"
	},
	"BE70": {
		"APC": "B",
		"MTOW": 3700,
		"RECAT": "L",
		"Name": "70 Queen Air"
	},
	"BE76": {
		"APC": "A",
		"MTOW": 1770,
		"RECAT": "L",
		"Name": "76 Duchess"
	},
	"BE80": {
		"APC": "A",
		"MTOW": 3990,
		"RECAT": "L",
		"Name": "80 Queen Air"
	},
	"BE95": {
		"APC": "A",
		"MTOW": 1905,
		"RECAT": "L",
		"Name": "Beech 95 Travel Air"
	},
	"BE99": {
		"APC": "B",
		"MTOW": 7600,
		"RECAT": "L",
		"Name": "99 Airliner"
	},
	"BE9L": {
		"APC": "B",
		"MTOW": 4581,
		"RECAT": "L",
		"Name": "King Air 90"
	},
	"BER4": {
		"APC": "D",
		"MTOW": 86000,
		"RECAT": "UM",
		"Name": "A-4 Albatross"
	},
	"BN2T": {
		"APC": "A",
		"MTOW": 3175,
		"RECAT": "L",
		"Name": "BN-2T Turbine Islander, Turbine Defender"
	},
	"C06T": {
		"APC": "A",
		"MTOW": 1632,
		"RECAT": "L",
		"Name": "206 (turbine)"
	},
	"C130": {
		"APC": "C",
		"MTOW": 70310,
		"RECAT": "UM",
		"Name": "HERCULES"
	},
	"C135": {
		"APC": "D",
		"MTOW": 146290,
		"RECAT": "LH",
		"Name": "C-135 Stratolifter"
	},
	"C141": {
		"APC": "C",
		"MTOW": 155580,
		"RECAT": "LH",
		"Name": "C-141 Starlifter"
	},
	"C150": {
		"APC": "A",
		"MTOW": 680,
		"RECAT": "L",
		"Name": "150,A150,Commuter,Aerobat"
	},
	"C152": {
		"APC": "A",
		"MTOW": 760,
		"RECAT": "L",
		"Name": "152,A152,Aerobat"
	},
	"C160": {
		"APC": "C",
		"MTOW": 51000,
		"RECAT": "UM",
		"Name": "C-160"
	},
	"C17": {
		"APC": "B",
		"MTOW": 265350,
		"RECAT": "LH",
		"Name": "C-17 Globemaster 3"
	},
	"C172": {
		"APC": "A",
		"MTOW": 1050,
		"RECAT": "L",
		"Name": "172 Skyhawk"
	},
	"C177": {
		"APC": "A",
		"MTOW": 1070,
		"RECAT": "L",
		"Name": "177,Cardinal"
	},
	"C182": {
		"APC": "A",
		"MTOW": 1270,
		"RECAT": "L",
		"Name": "182,Skylane"
	},
	"C2": {
		"APC": "B",
		"MTOW": 24687,
		"RECAT": "LM",
		"Name": "C-2 Greyhound"
	},
	"C206": {
		"APC": "A",
		"MTOW": 1650,
		"RECAT": "L",
		"Name": "206 (CESSNA)"
	},
	"C207": {
		"APC": "A",
		"MTOW": 1720,
		"RECAT": "L",
		"Name": "207 (Turbo)Skywagon 207"
	},
	"C208": {
		"APC": "A",
		"MTOW": 3629,
		"RECAT": "L",
		"Name": "208 Caravan 1,(Super)Cargomaster"
	},
	"C210": {
		"APC": "A",
		"MTOW": 1820,
		"RECAT": "L",
		"Name": "210 Centurion"
	},
	"C212": {
		"APC": "A",
		"MTOW": 7700,
		"RECAT": "L",
		"Name": "Aviocar"
	},
	"C25A": {
		"APC": "B",
		"MTOW": 5670,
		"RECAT": "L",
		"Name": "525A Citation CJ2"
	},
	"C303": {
		"APC": "A",
		"MTOW": 2340,
		"RECAT": "L",
		"Name": "AVIONES COLOMBIA T303"
	},
	"C30J": {
		"APC": "C",
		"MTOW": 70300,
		"RECAT": "UM",
		"Name": "C-130J Hercules"
	},
	"C310": {
		"APC": "B",
		"MTOW": 2494,
		"RECAT": "L",
		"Name": "310,T310 (U-3,L-27)"
	},
	"C337": {
		"APC": "A",
		"MTOW": 2100,
		"RECAT": "L",
		"Name": "337,M337,MC337,T337B/C/D/E/F/H"
	},
	"C340": {
		"APC": "B",
		"MTOW": 2710,
		"RECAT": "L",
		"Name": "340 (CESSNA)"
	},
	"C402": {
		"APC": "B",
		"MTOW": 2860,
		"RECAT": "L",
		"Name": "401,402,Utililiner,Businessliner"
	},
	"C404": {
		"APC": "A",
		"MTOW": 3830,
		"RECAT": "L",
		"Name": "404 Titan"
	},
	"C414": {
		"APC": "B",
		"MTOW": 3060,
		"RECAT": "L",
		"Name": "414,Chancellor"
	},
	"C421": {
		"APC": "B",
		"MTOW": 3100,
		"RECAT": "L",
		"Name": "421,Executive Commuter"
	},
	"C425": {
		"APC": "B",
		"MTOW": 3900,
		"RECAT": "L",
		"Name": "425 Corsair,Conquest 1"
	},
	"C441": {
		"APC": "B",
		"MTOW": 4470,
		"RECAT": "L",
		"Name": "441 Conquest,Conquest 2"
	},
	"C5": {
		"APC": "C",
		"MTOW": 348820,
		"RECAT": "UH",
		"Name": "C-5 Galaxy (L-500)"
	},
	"C525": {
		"APC": "B",
		"MTOW": 4717,
		"RECAT": "L",
		"Name": "525 CitationJet, Citation CJ1"
	},
	"C526": {
		"APC": "B",
		"MTOW": 3357,
		"RECAT": "L",
		"Name": "Citation 526"
	},
	"C550": {
		"APC": "B",
		"MTOW": 6850,
		"RECAT": "L",
		"Name": "550 Citation 2"
	},
	"C560": {
		"APC": "B",
		"MTOW": 7210,
		"RECAT": "L",
		"Name": "560 Citation 5 Ultra Encore"
	},
	"C56X": {
		"APC": "B",
		"MTOW": 8709,
		"RECAT": "L",
		"Name": "560XL Citation Excel"
	},
	"C650": {
		"APC": "C",
		"MTOW": 14060,
		"RECAT": "L",
		"Name": "650 Citation 3/6/7"
	},
	"C680": {
		"APC": "C",
		"MTOW": 13743,
		"RECAT": "L",
		"Name": "Citation Sovereign"
	},
	"C750": {
		"APC": "C",
		"MTOW": 16193,
		"RECAT": "LM",
		"Name": "750 Citation 10"
	},
	"C82R": {
		"APC": "A",
		"MTOW": 1340,
		"RECAT": "L",
		"Name": "AVIONES COLOMBIA R182"
	},
	"CL2T": {
		"APC": "B",
		"MTOW": 19890,
		"RECAT": "LM",
		"Name": "CANADAIR CL-415 SuperScooper"
	},
	"CL30": {
		"APC": "C",
		"MTOW": 17622,
		"RECAT": "LM",
		"Name": "BD-100 Challenger 300"
	},
	"CL35": {
		"APC": "C",
		"MTOW": 18416,
		"RECAT": "LM",
		"Name": "BD-100 Challenger 350"
	},
	"CL60": {
		"APC": "C",
		"MTOW": 19550,
		"RECAT": "LM",
		"Name": "Canadair Challenger "
	},
	"CN35": {
		"APC": "B",
		"MTOW": 15100,
		"RECAT": "LM",
		"Name": "AIRTECH CN-235 MP Persuader"
	},
	"CONC": {
		"APC": "E",
		"MTOW": 185100,
		"RECAT": "--",
		"Name": "Concorde"
	},
	"CP23": {
		"APC": "A",
		"MTOW": 760,
		"RECAT": "L",
		"Name": "CAP-230/231/232"
	},
	"CRJ1": {
		"APC": "C",
		"MTOW": 21500,
		"RECAT": "LM",
		"Name": "CANADAIR RJ-100 Regional Jet"
	},
	"CRJ2": {
		"APC": "C",
		"MTOW": 21523,
		"RECAT": "LM",
		"Name": "CANADAIR RJ-200 Regional Jet"
	},
	"CRJ7": {
		"APC": "C",
		"MTOW": 33000,
		"RECAT": "LM",
		"Name": "CANADAIR RJ-700 Regional Jet"
	},
	"CRJ9": {
		"APC": "C",
		"MTOW": 38330,
		"RECAT": "LM",
		"Name": "CRJ Series CRJ900"
	},
	"CRJX": {
		"APC": "C",
		"MTOW": 40824,
		"RECAT": "LM",
		"Name": "CRJ 1000"
	},
	"D228": {
		"APC": "A",
		"MTOW": 6400,
		"RECAT": "L",
		"Name": "228 (DORNIER)"
	},
	"D28D": {
		"APC": "A",
		"MTOW": 5984,
		"RECAT": "L",
		"Name": "Do28 Skyservant"
	},
	"D328": {
		"APC": "B",
		"MTOW": 13990,
		"RECAT": "L",
		"Name": "328 (DORNIER)"
	},
	"DA40": {
		"APC": "A",
		"MTOW": 1200,
		"RECAT": "L",
		"Name": "Diamond"
	},
	"DA42": {
		"APC": "A",
		"MTOW": 1650,
		"RECAT": "L",
		"Name": "Diamond Twinstar"
	},
	"DA50": {
		"APC": "A",
		"MTOW": 1200,
		"RECAT": "L",
		"Name": "SuperStar/Magnum"
	},
	"DC10": {
		"APC": "D",
		"MTOW": 259459,
		"RECAT": "LH",
		"Name": "DC-10"
	},
	"DC85": {
		"APC": "C",
		"MTOW": 147400,
		"RECAT": "LH",
		"Name": "DC-8-50"
	},
	"DC86": {
		"APC": "C",
		"MTOW": 158700,
		"RECAT": "LH",
		"Name": "DC-8-60"
	},
	"DC87": {
		"APC": "D",
		"MTOW": 162025,
		"RECAT": "LH",
		"Name": "DC-8-70"
	},
	"DC91": {
		"APC": "C",
		"MTOW": 41100,
		"RECAT": "LM",
		"Name": "DC9-10 , DC9-15"
	},
	"DC92": {
		"APC": "C",
		"MTOW": 4450,
		"RECAT": "LM",
		"Name": "DC9-20"
	},
	"DC93": {
		"APC": "C",
		"MTOW": 49940,
		"RECAT": "LM",
		"Name": "DC-9-30"
	},
	"DC94": {
		"APC": "C",
		"MTOW": 54885,
		"RECAT": "LM",
		"Name": "DC9-40"
	},
	"DC95": {
		"APC": "C",
		"MTOW": 54934,
		"RECAT": "LM",
		"Name": "DC-9-50"
	},
	"DH8A": {
		"APC": "B",
		"MTOW": 15650,
		"RECAT": "LM",
		"Name": "CC-142"
	},
	"DH8C": {
		"APC": "B",
		"MTOW": 18642,
		"RECAT": "LM",
		"Name": "Dash 8 Q300"
	},
	"DH8D": {
		"APC": "C",
		"MTOW": 28998,
		"RECAT": "LM",
		"Name": "Dash 8 Q400"
	},
	"DHC6": {
		"APC": "A",
		"MTOW": 5670,
		"RECAT": "L",
		"Name": "CC-138"
	},
	"DHC7": {
		"APC": "A",
		"MTOW": 21320,
		"RECAT": "LM",
		"Name": "Dash 7"
	},
	"DR40": {
		"APC": "A",
		"MTOW": 1100,
		"RECAT": "L",
		"Name": "Cadet"
	},
	"E110": {
		"APC": "B",
		"MTOW": 5900,
		"RECAT": "L",
		"Name": "Bandeirante"
	},
	"E120": {
		"APC": "B",
		"MTOW": 12000,
		"RECAT": "L",
		"Name": "Brasilia"
	},
	"E121": {
		"APC": "B",
		"MTOW": 5670,
		"RECAT": "L",
		"Name": "EC-9"
	},
	"E135": {
		"APC": "C",
		"MTOW": 19990,
		"RECAT": "LM",
		"Name": "EMBRAER ERJ-135"
	},
	"E145": {
		"APC": "C",
		"MTOW": 21198,
		"RECAT": "LM",
		"Name": "EMB-145"
	},
	"E170": {
		"APC": "C",
		"MTOW": 35995,
		"RECAT": "LM",
		"Name": "Embraer 170"
	},
	"E190": {
		"APC": "C",
		"MTOW": 45995,
		"RECAT": "LM",
		"Name": "Embraer 190"
	},
	"E195": {
		"APC": "C",
		"MTOW": 52290,
		"RECAT": "LM",
		"Name": "Embraer 195"
	},
	"E2": {
		"APC": "B",
		"MTOW": 23850,
		"RECAT": "LM",
		"Name": "Daya"
	},
	"E3CF": {
		"APC": "D",
		"MTOW": 151955,
		"RECAT": "LH",
		"Name": "E-3D Sentry"
	},
	"E3TF": {
		"APC": "D",
		"MTOW": 156000,
		"RECAT": "LH",
		"Name": "E-3 Sentry"
	},
	"E50P": {
		"APC": "B",
		"MTOW": 4750,
		"RECAT": "L",
		"Name": "Embraer 500 Phenom 100"
	},
	"E55P": {
		"APC": "C",
		"MTOW": 7951,
		"RECAT": "L",
		"Name": "Embraer 505 Phenom 300"
	},
	"EC35": {
		"APC": "A",
		"MTOW": 2950,
		"RECAT": "L",
		"Name": "EUROCOPTER EC-135"
	},
	"EH10": {
		"APC": "A",
		"MTOW": 15600,
		"RECAT": "L",
		"Name": "AW101 Merlin"
	},
	"ETAR": {
		"APC": "B",
		"MTOW": 10200,
		"RECAT": "L",
		"Name": "DASSAULT Etendard 4"
	},
	"EUFI": {
		"APC": "D",
		"MTOW": 23500,
		"RECAT": "LM",
		"Name": "Eurofighter Typhoon"
	},
	"F1": {
		"APC": "D",
		"MTOW": 13674,
		"RECAT": "L",
		"Name": "Mitsubishi F-1"
	},
	"F100": {
		"APC": "C",
		"MTOW": 43390,
		"RECAT": "LM",
		"Name": "100 (FOKKER)"
	},
	"F104": {
		"APC": "E",
		"MTOW": 14060,
		"RECAT": "L",
		"Name": "AERITALIA F-104 Starfighter"
	},
	"F117": {
		"APC": "E",
		"MTOW": 23800,
		"RECAT": "LM",
		"Name": "F-117 Nighthawk"
	},
	"F14": {
		"APC": "C",
		"MTOW": 33795,
		"RECAT": "LM",
		"Name": "F-14 Tomcat"
	},
	"F15": {
		"APC": "C",
		"MTOW": 36740,
		"RECAT": "LM",
		"Name": "F-15 Strike Eagle"
	},
	"F16": {
		"APC": "D",
		"MTOW": 14970,
		"RECAT": "L",
		"Name": "F-16 Fighting Falcon"
	},
	"F18": {
		"APC": "C",
		"MTOW": 25400,
		"RECAT": "LM",
		"Name": "F-18 Hornet"
	},
	"F2": {
		"APC": "D",
		"MTOW": 22100,
		"RECAT": "LM",
		"Name": "F-2"
	},
	"F26T": {
		"APC": "A",
		"MTOW": 1300,
		"RECAT": "L",
		"Name": "AERMACCHI SF-260TP"
	},
	"F27": {
		"APC": "B",
		"MTOW": 20410,
		"RECAT": "LM",
		"Name": "F-27 Friendship"
	},
	"F28": {
		"APC": "C",
		"MTOW": 33110,
		"RECAT": "LM",
		"Name": "F-28 Fellowship"
	},
	"F2TH": {
		"APC": "B",
		"MTOW": 16240,
		"RECAT": "LM",
		"Name": "DASSAULT Falcon 2000"
	},
	"F35": {
		"APC": "D",
		"MTOW": 31751,
		"RECAT": "LM",
		"Name": "F-35 Lightning II"
	},
	"F4": {
		"APC": "E",
		"MTOW": 28000,
		"RECAT": "LM",
		"Name": "F-4 Phantom 2"
	},
	"F406": {
		"APC": "B",
		"MTOW": 4200,
		"RECAT": "L",
		"Name": "Caravan 2"
	},
	"F5": {
		"APC": "E",
		"MTOW": 11187,
		"RECAT": "L",
		"Name": "A-9"
	},
	"F50": {
		"APC": "B",
		"MTOW": 20820,
		"RECAT": "LM",
		"Name": "FOKKER 50,Maritime Enforcer"
	},
	"F70": {
		"APC": "B",
		"MTOW": 36740,
		"RECAT": "LM",
		"Name": "70 (FOKKER)"
	},
	"F900": {
		"APC": "B",
		"MTOW": 21200,
		"RECAT": "LM",
		"Name": "DASSAULT-BREGUET Falcon 900"
	},
	"FA10": {
		"APC": "B",
		"MTOW": 8500,
		"RECAT": "L",
		"Name": "Falcon 10/100"
	},
	"FA20": {
		"APC": "B",
		"MTOW": 13160,
		"RECAT": "L",
		"Name": "DASSAULT-BREGUET Falcon 20/200"
	},
	"FA50": {
		"APC": "C",
		"MTOW": 18500,
		"RECAT": "LM",
		"Name": "DASSAULT-BREGUET T-16"
	},
	"FA7X": {
		"APC": "B",
		"MTOW": 31298,
		"RECAT": "LM",
		"Name": "Falcon 7X"
	},
	"G115": {
		"APC": "A",
		"MTOW": 990,
		"RECAT": "L",
		"Name": "Bavarian"
	},
	"G150": {
		"APC": "C",
		"MTOW": 11839,
		"RECAT": "L",
		"Name": "Gulfstream 150"
	},
	"G222": {
		"APC": "B",
		"MTOW": 31800,
		"RECAT": "LM",
		"Name": "AERITALIA G-222"
	},
	"G280": {
		"APC": "C",
		"MTOW": 17962,
		"RECAT": "--",
		"Name": "Gulfstream G280"
	},
	"G3": {
		"APC": "A",
		"MTOW": 472,
		"RECAT": "L",
		"Name": "Mirage G3"
	},
	"GALX": {
		"APC": "C",
		"MTOW": 15808,
		"RECAT": "LM",
		"Name": "Gulfstream G200"
	},
	"GL5T": {
		"APC": "C",
		"MTOW": 41957,
		"RECAT": "LM",
		"Name": "BD-700 Global 5000"
	},
	"GLEX": {
		"APC": "C",
		"MTOW": 44500,
		"RECAT": "LM",
		"Name": "Global Express"
	},
	"GLF3": {
		"APC": "C",
		"MTOW": 31620,
		"RECAT": "LM",
		"Name": "G-1159A Gulfstream 3"
	},
	"GLF4": {
		"APC": "C",
		"MTOW": 33200,
		"RECAT": "LM",
		"Name": "Gulfstream 4"
	},
	"GLF5": {
		"APC": "C",
		"MTOW": 41136,
		"RECAT": "LM",
		"Name": "Gulfstream 5"
	},
	"H25A": {
		"APC": "C",
		"MTOW": 10568,
		"RECAT": "L",
		"Name": "HS125"
	},
	"H25B": {
		"APC": "C",
		"MTOW": 12700,
		"RECAT": "L",
		"Name": "Hawker 750 / 850 / 900"
	},
	"H25C": {
		"APC": "C",
		"MTOW": 14060,
		"RECAT": "L",
		"Name": "BAe-125-1000"
	},
	"H47": {
		"APC": "A",
		"MTOW": 22668,
		"RECAT": "LM",
		"Name": "Chinook CH-47F"
	},
	"H60": {
		"APC": "A",
		"MTOW": 10660,
		"RECAT": "L",
		"Name": "Sikorsky S-70A"
	},
	"H64": {
		"APC": "A",
		"MTOW": 10433,
		"RECAT": "L",
		"Name": "AH-64 Apache Longbow"
	},
	"H66": {
		"APC": "A",
		"MTOW": 7896,
		"RECAT": "--",
		"Name": "RAH-66 Comanche"
	},
	"HAR": {
		"APC": "C",
		"MTOW": 11793,
		"RECAT": "L",
		"Name": "AV-8 Harrier"
	},
	"HAWK": {
		"APC": "C",
		"MTOW": 5100,
		"RECAT": "L",
		"Name": "T-45 Goshawk"
	},
	"IL18": {
		"APC": "C",
		"MTOW": 64000,
		"RECAT": "UM",
		"Name": "Il-18/20/22/24"
	},
	"IL62": {
		"APC": "D",
		"MTOW": 165000,
		"RECAT": "LH",
		"Name": "Il-62"
	},
	"IL76": {
		"APC": "B",
		"MTOW": 170000,
		"RECAT": "LH",
		"Name": "Candid"
	},
	"IL86": {
		"APC": "D",
		"MTOW": 215000,
		"RECAT": "LH",
		"Name": "Il-86/87"
	},
	"IL96": {
		"APC": "D",
		"MTOW": 250000,
		"RECAT": "UH",
		"Name": "Il-96"
	},
	"J328": {
		"APC": "B",
		"MTOW": 15660,
		"RECAT": "LM",
		"Name": "328JET"
	},
	"JAGR": {
		"APC": "D",
		"MTOW": 15700,
		"RECAT": "LM",
		"Name": "British Aerospace Jaguar"
	},
	"JS1": {
		"APC": "B",
		"MTOW": 5670,
		"RECAT": "L",
		"Name": "Jetstream 1"
	},
	"JS20": {
		"APC": "B",
		"MTOW": 5700,
		"RECAT": "L",
		"Name": "Jetstream 2 "
	},
	"JS3": {
		"APC": "B",
		"MTOW": 5700,
		"RECAT": "L",
		"Name": "Jetstream 3"
	},
	"JS31": {
		"APC": "B",
		"MTOW": 6950,
		"RECAT": "L",
		"Name": "Jetstream 31"
	},
	"JS32": {
		"APC": "B",
		"MTOW": 7360,
		"RECAT": "L",
		"Name": "Jetstream 32"
	},
	"JS41": {
		"APC": "B",
		"MTOW": 10886,
		"RECAT": "L",
		"Name": "Jetstream 41"
	},
	"K35E": {
		"APC": "C",
		"MTOW": 134720,
		"RECAT": "LH",
		"Name": "KC-135 Stratotanker"
	},
	"K35R": {
		"APC": "C",
		"MTOW": 146285,
		"RECAT": "LH",
		"Name": "KC-135 Stratotanker"
	},
	"KA50": {
		"APC": "A",
		"MTOW": 10800,
		"RECAT": "L",
		"Name": "Kamov KA-50 Black Shark"
	},
	"KA52": {
		"APC": "A",
		"MTOW": 10800,
		"RECAT": "L",
		"Name": "Kamov KA-52 Alligator"
	},
	"L101": {
		"APC": "C",
		"MTOW": 195040,
		"RECAT": "LH",
		"Name": "L-1011 TriStar"
	},
	"L159": {
		"APC": "C",
		"MTOW": 8000,
		"RECAT": "L",
		"Name": "AERO (2) L-159"
	},
	"L188": {
		"APC": "C",
		"MTOW": 51250,
		"RECAT": "LM",
		"Name": "Electra"
	},
	"L29B": {
		"APC": "C",
		"MTOW": 20227,
		"RECAT": "LM",
		"Name": "Jetstar 2/731"
	},
	"L39": {
		"APC": "C",
		"MTOW": 5700,
		"RECAT": "L",
		"Name": "AERO (2) L-39/139 Albatross"
	},
	"L410": {
		"APC": "A",
		"MTOW": 6400,
		"RECAT": "L",
		"Name": "AYRES L-410/420 Turbolet"
	},
	"L610": {
		"APC": "B",
		"MTOW": 14500,
		"RECAT": "L",
		"Name": "700 (AYRES)"
	},
	"LJ25": {
		"APC": "C",
		"MTOW": 6800,
		"RECAT": "L",
		"Name": "25 (LEARJET)"
	},
	"LJ31": {
		"APC": "B",
		"MTOW": 7030,
		"RECAT": "L",
		"Name": "31 (LEARJET)"
	},
	"LJ35": {
		"APC": "C",
		"MTOW": 8300,
		"RECAT": "L",
		"Name": "35,36 (LEARJET)"
	},
	"LJ40": {
		"APC": "B",
		"MTOW": 9545,
		"RECAT": "L",
		"Name": "Learjet 40"
	},
	"LJ45": {
		"APC": "C",
		"MTOW": 9230,
		"RECAT": "L",
		"Name": "45 (LEARJET)"
	},
	"LJ55": {
		"APC": "C",
		"MTOW": 9530,
		"RECAT": "L",
		"Name": "LEARJET 55"
	},
	"LJ60": {
		"APC": "C",
		"MTOW": 10659,
		"RECAT": "L",
		"Name": "60 (LEARJET)"
	},
	"M18": {
		"APC": "A",
		"MTOW": 4700,
		"RECAT": "L",
		"Name": "Dromader"
	},
	"M20P": {
		"APC": "A",
		"MTOW": 1170,
		"RECAT": "L",
		"Name": "MOONEY"
	},
	"M20T": {
		"APC": "A",
		"MTOW": 1526,
		"RECAT": "L",
		"Name": "Bravo (M-20K)"
	},
	"M339": {
		"APC": "B",
		"MTOW": 6350,
		"RECAT": "L",
		"Name": "AERMACCHI MB-339"
	},
	"MD11": {
		"APC": "D",
		"MTOW": 285990,
		"RECAT": "LH",
		"Name": "MD-11"
	},
	"MD81": {
		"APC": "C",
		"MTOW": 63503,
		"RECAT": "UM",
		"Name": "MD-81"
	},
	"MD82": {
		"APC": "C",
		"MTOW": 67812,
		"RECAT": "UM",
		"Name": "MD-82"
	},
	"MD83": {
		"APC": "C",
		"MTOW": 73028,
		"RECAT": "UM",
		"Name": "MD-83"
	},
	"MD87": {
		"APC": "C",
		"MTOW": 67800,
		"RECAT": "UM",
		"Name": "MD-87"
	},
	"MD88": {
		"APC": "C",
		"MTOW": 67815,
		"RECAT": "UM",
		"Name": "MD-88"
	},
	"MD90": {
		"APC": "C",
		"MTOW": 74500,
		"RECAT": "UM",
		"Name": "BOEING MD-90"
	},
	"MG21": {
		"APC": "E",
		"MTOW": 9100,
		"RECAT": "L",
		"Name": "FISHBED"
	},
	"MG23": {
		"APC": "D",
		"MTOW": 17800,
		"RECAT": "LM",
		"Name": "MiG-23/27"
	},
	"MG25": {
		"APC": "C",
		"MTOW": 36720,
		"RECAT": "LM",
		"Name": "MiG-25 "
	},
	"MG29": {
		"APC": "C",
		"MTOW": 21000,
		"RECAT": "LM",
		"Name": "MiG-29/33"
	},
	"MG31": {
		"APC": "E",
		"MTOW": 46200,
		"RECAT": "LM",
		"Name": "MAPO-MIG MiG-31"
	},
	"MI2": {
		"APC": "A",
		"MTOW": 3700,
		"RECAT": "L",
		"Name": "Mil Mi-2 Hoplite"
	},
	"MI8": {
		"APC": "A",
		"MTOW": 12000,
		"RECAT": "L",
		"Name": "Mil Mi-8 Hip"
	},
	"MIR2": {
		"APC": "C",
		"MTOW": 17000,
		"RECAT": "LM",
		"Name": "Mirage 2000"
	},
	"MRF1": {
		"APC": "C",
		"MTOW": 14900,
		"RECAT": "L",
		"Name": "DASSAULT-BREGUET Mirage F1"
	},
	"MU2": {
		"APC": "B",
		"MTOW": 4050,
		"RECAT": "L",
		"Name": "LR-1"
	},
	"N262": {
		"APC": "A",
		"MTOW": 10600,
		"RECAT": "L",
		"Name": "FRAKES Mohawk 298"
	},
	"NH90": {
		"APC": "A",
		"MTOW": 10600,
		"RECAT": "L",
		"Name": "NH90"
	},
	"NIM": {
		"APC": "D",
		"MTOW": 85180,
		"RECAT": "UM",
		"Name": "Nimrod"
	},
	"P180": {
		"APC": "B",
		"MTOW": 5240,
		"RECAT": "L",
		"Name": "Avanti"
	},
	"P28A": {
		"APC": "A",
		"MTOW": 1100,
		"RECAT": "L",
		"Name": "PA-28-140/161 Archer,Cherokee"
	},
	"P28R": {
		"APC": "A",
		"MTOW": 1130,
		"RECAT": "L",
		"Name": "AICSA PA-28R Cherokee Arrow,Turbo Arrow 3"
	},
	"P28T": {
		"APC": "A",
		"MTOW": 1320,
		"RECAT": "L",
		"Name": "PA-28RT Turbo Arrow 4"
	},
	"P3": {
		"APC": "C",
		"MTOW": 61235,
		"RECAT": "LM",
		"Name": "Orion"
	},
	"P32R": {
		"APC": "A",
		"MTOW": 1640,
		"RECAT": "L",
		"Name": "PA-32R Lance,Turbo Saratoga SP"
	},
	"P46T": {
		"APC": "A",
		"MTOW": 2200,
		"RECAT": "L",
		"Name": "Malibu Meridian"
	},
	"P808": {
		"APC": "B",
		"MTOW": 8170,
		"RECAT": "--",
		"Name": "PD-808"
	},
	"PA18": {
		"APC": "A",
		"MTOW": 680,
		"RECAT": "L",
		"Name": "L-18C"
	},
	"PA23": {
		"APC": "A",
		"MTOW": 2177,
		"RECAT": "L",
		"Name": "Apache"
	},
	"PA27": {
		"APC": "A",
		"MTOW": 2360,
		"RECAT": "L",
		"Name": "Aztec"
	},
	"PA31": {
		"APC": "A",
		"MTOW": 2950,
		"RECAT": "L",
		"Name": "Chieftain"
	},
	"PA32": {
		"APC": "A",
		"MTOW": 1640,
		"RECAT": "L",
		"Name": "Cherokee Six"
	},
	"PA34": {
		"APC": "A",
		"MTOW": 2100,
		"RECAT": "L",
		"Name": "Seneca"
	},
	"PA38": {
		"APC": "A",
		"MTOW": 760,
		"RECAT": "L",
		"Name": "AICSA PA-38 Tomahawk"
	},
	"PA44": {
		"APC": "A",
		"MTOW": 1720,
		"RECAT": "L",
		"Name": "AICSA PA-44 Seminole"
	},
	"PA46": {
		"APC": "A",
		"MTOW": 1950,
		"RECAT": "L",
		"Name": "Malibu"
	},
	"PAY2": {
		"APC": "B",
		"MTOW": 4080,
		"RECAT": "L",
		"Name": "Cheyenne 2"
	},
	"PAY3": {
		"APC": "B",
		"MTOW": 5080,
		"RECAT": "L",
		"Name": "Cheyenne 3"
	},
	"PAY4": {
		"APC": "B",
		"MTOW": 5470,
		"RECAT": "L",
		"Name": "Cheyenne 400"
	},
	"PC12": {
		"APC": "A",
		"MTOW": 4500,
		"RECAT": "L",
		"Name": "PC-12"
	},
	"PC6T": {
		"APC": "A",
		"MTOW": 2770,
		"RECAT": "L",
		"Name": "Chiricahua"
	},
	"PC7": {
		"APC": "A",
		"MTOW": 2700,
		"RECAT": "L",
		"Name": "Astra (PC-7)"
	},
	"PC9": {
		"APC": "A",
		"MTOW": 3200,
		"RECAT": "L",
		"Name": "BEECH PD-373 Beech, PC-9"
	},
	"PRM1": {
		"APC": "B",
		"MTOW": 5670,
		"RECAT": "L",
		"Name": "390 Premier 1"
	},
	"PZ04": {
		"APC": "A",
		"MTOW": 1300,
		"RECAT": "L",
		"Name": "Gelatik"
	},
	"R135": {
		"APC": "D",
		"MTOW": 146000,
		"RECAT": "LH",
		"Name": "RC-135"
	},
	"R44": {
		"APC": "A",
		"MTOW": 1134,
		"RECAT": "L",
		"Name": "Robinson R44"
	},
	"RALL": {
		"APC": "A",
		"MTOW": 1050,
		"RECAT": "L",
		"Name": "Commodore"
	},
	"RJ1H": {
		"APC": "C",
		"MTOW": 46020,
		"RECAT": "LM",
		"Name": "AVRO RJ-100 Avroliner"
	},
	"RJ70": {
		"APC": "C",
		"MTOW": 23290,
		"RECAT": "LM",
		"Name": "AVRO RJ-70 Avroliner"
	},
	"RJ85": {
		"APC": "C",
		"MTOW": 42190,
		"RECAT": "LM",
		"Name": "AVRO RJ-85 Avroliner"
	},
	"S601": {
		"APC": "B",
		"MTOW": 6600,
		"RECAT": "L",
		"Name": "AEROSPATIALE SN-601 Corvette"
	},
	"S61": {
		"APC": "A",
		"MTOW": 8620,
		"RECAT": "L",
		"Name": "Sea King S-61"
	},
	"S76": {
		"APC": "A",
		"MTOW": 5307,
		"RECAT": "L",
		"Name": "Sikorsky S-76"
	},
	"SB05": {
		"APC": "B",
		"MTOW": 4635,
		"RECAT": "L",
		"Name": "105 (Sk60)"
	},
	"SB20": {
		"APC": "B",
		"MTOW": 21000,
		"RECAT": "LM",
		"Name": "2000 (SAAB)"
	},
	"SB32": {
		"APC": "C",
		"MTOW": 13500,
		"RECAT": "L",
		"Name": "Saab 32 Lansen"
	},
	"SB37": {
		"APC": "B",
		"MTOW": 20000,
		"RECAT": "LM",
		"Name": "37 Viggen"
	},
	"SB39": {
		"APC": "B",
		"MTOW": 14000,
		"RECAT": "L",
		"Name": "39 Gripen"
	},
	"SBR2": {
		"APC": "C",
		"MTOW": 10430,
		"RECAT": "L",
		"Name": "NA-265 Sabre 75"
	},
	"SC7": {
		"APC": "A",
		"MTOW": 5670,
		"RECAT": "L",
		"Name": "SC-7 Skyvan,Skyliner"
	},
	"SF34": {
		"APC": "B",
		"MTOW": 12900,
		"RECAT": "L",
		"Name": "340 (SAAB)"
	},
	"SH33": {
		"APC": "B",
		"MTOW": 10250,
		"RECAT": "L",
		"Name": "C-23"
	},
	"SH36": {
		"APC": "B",
		"MTOW": 12300,
		"RECAT": "L",
		"Name": "SD3-360"
	},
	"SR20": {
		"APC": "A",
		"MTOW": 1361,
		"RECAT": "L",
		"Name": "Cirrus SR20"
	},
	"SR22": {
		"APC": "A",
		"MTOW": 1633,
		"RECAT": "L",
		"Name": "Cirrus SR22"
	},
	"SU17": {
		"APC": "C",
		"MTOW": 19500,
		"RECAT": "LM",
		"Name": "Su-17/20/22"
	},
	"SU24": {
		"APC": "D",
		"MTOW": 43755,
		"RECAT": "LM",
		"Name": "Su-24"
	},
	"SU25": {
		"APC": "E",
		"MTOW": 20500,
		"RECAT": "LM",
		"Name": "Su-25"
	},
	"SU27": {
		"APC": "C",
		"MTOW": 33500,
		"RECAT": "LM",
		"Name": "J-11"
	},
	"SU95": {
		"APC": "C",
		"MTOW": 45880,
		"RECAT": "LM",
		"Name": "Superjet 100"
	},
	"SW2": {
		"APC": "B",
		"MTOW": 4445,
		"RECAT": "L",
		"Name": "Merlin II"
	},
	"SW3": {
		"APC": "B",
		"MTOW": 5700,
		"RECAT": "L",
		"Name": "FAIRCHILD (1) SA-227TT Merlin 3,Fairchild 300"
	},
	"SW4": {
		"APC": "B",
		"MTOW": 7257,
		"RECAT": "L",
		"Name": "Metro 23"
	},
	"T134": {
		"APC": "D",
		"MTOW": 47600,
		"RECAT": "LM",
		"Name": "Tu-134"
	},
	"T154": {
		"APC": "C",
		"MTOW": 100000,
		"RECAT": "UM",
		"Name": "Tu-154"
	},
	"T204": {
		"APC": "C",
		"MTOW": 103000,
		"RECAT": "UM",
		"Name": "Tu-204/214/224/234"
	},
	"T22M": {
		"APC": "E",
		"MTOW": 126000,
		"RECAT": "LH",
		"Name": "Tu-22M"
	},
	"T37": {
		"APC": "B",
		"MTOW": 2980,
		"RECAT": "L",
		"Name": "318A/B/C (CESSNA)"
	},
	"T38": {
		"APC": "D",
		"MTOW": 5670,
		"RECAT": "L",
		"Name": "AT-38 Talon"
	},
	"TAMP": {
		"APC": "A",
		"MTOW": 1060,
		"RECAT": "L",
		"Name": "SOCATA TB-9 Tampico, Sprint"
	},
	"TB30": {
		"APC": "A",
		"MTOW": 1250,
		"RECAT": "L",
		"Name": "AEROSPATIALE TB-30 Epsilon"
	},
	"TBM7": {
		"APC": "A",
		"MTOW": 3000,
		"RECAT": "L",
		"Name": "SOCATA TBM-700"
	},
	"TBM8": {
		"APC": "B",
		"MTOW": 3353,
		"RECAT": "L",
		"Name": "DAHER TBM-850"
	},
	"TOBA": {
		"APC": "A",
		"MTOW": 1150,
		"RECAT": "L",
		"Name": "SOCATA TB-10/200 Tobago"
	},
	"TOR": {
		"APC": "D",
		"MTOW": 28000,
		"RECAT": "LM",
		"Name": "PANAVIA Tornado"
	},
	"TRIN": {
		"APC": "A",
		"MTOW": 1400,
		"RECAT": "L",
		"Name": "Pashosh"
	},
	"TUCA": {
		"APC": "A",
		"MTOW": 3175,
		"RECAT": "L",
		"Name": "A-27"
	},
	"UH1": {
		"APC": "A",
		"MTOW": 4309,
		"RECAT": "L",
		"Name": "Bell UH-1 Iroquois (Huey)"
	},
	"VC10": {
		"APC": "D",
		"MTOW": 146500,
		"RECAT": "LH",
		"Name": "BAC VC-10"
	},
	"YK40": {
		"APC": "B",
		"MTOW": 16000,
		"RECAT": "LM",
		"Name": "Yak-40"
	},
	"YK42": {
		"APC": "C",
		"MTOW": 63000,
		"RECAT": "UM",
		"Name": "Yak-42/142"
	}
}