{
    "URKA": {
        "type": "AD",
        "runway_ends": [
            "04",
            "22"
        ],
        "runway_tarmac": [
            "04/22"
        ],
        "sids": {
            "04": [
                "AGID1C",
                "AGID1E",
                "ARNA1C",
                "ARNA1E",
                "ARNA1Z",
                "DIBA1C",
                "DIBA1E",
                "DIBA1Y",
                "GAMA1C",
                "GAMA1E",
                "GAMA1Z",
                "NALU1C",
                "NALU1E",
                "NALU1Y",
                "PALE1C",
                "PALE1E",
                "PALE1Z",
                "RUDO1C",
                "RUDO1E",
                "SORU1C",
                "SORU1E",
                "TIBE1C",
                "TIBE1E",
                "TUNO1C",
                "TUNO1E",
                "TUNO1Y"
            ],
            "22": [
                "AGID1D",
                "AGID1F",
                "ARNA1D",
                "ARNA1F",
                "DIBA1D",
                "DIBA1F",
                "GAMA1D",
                "GAMA1F",
                "NALU1D",
                "NALU1F",
                "PALE1D",
                "PALE1F",
                "RUDO1D",
                "RUDO1F",
                "SORU1D",
                "SORU1F",
                "TIBE1D",
                "TIBE1F",
                "TUNO1D",
                "TUNO1F"
            ]
        },
        "stars": {
            "04": [
                "AGID1A",
                "AGID1G",
                "AGID1H",
                "ARNA1A",
                "ARNA1G",
                "ARNA1H",
                "DIBA1A",
                "DIBA1G",
                "DIBA1H",
                "GAMA1A",
                "GAMA1G",
                "GAMA1H",
                "NALU1A",
                "NALU1G",
                "NALU1H",
                "PALE1A",
                "PALE1G",
                "PALE1H",
                "RUDO1A",
                "RUDO1G",
                "RUDO1H",
                "SORU1A",
                "SORU1G",
                "SORU1H",
                "TIBE1A",
                "TIBE1G",
                "TIBE1H"
            ],
            "22": [
                "AGID1B",
                "AGID1J",
                "AGID1K",
                "ARNA1B",
                "ARNA1J",
                "ARNA1K",
                "DIBA1B",
                "DIBA1J",
                "DIBA1K",
                "GAMA1B",
                "GAMA1J",
                "GAMA1K",
                "NALU1B",
                "NALU1J",
                "NALU1K",
                "PALE1B",
                "PALE1J",
                "PALE1K",
                "RUDO1B",
                "RUDO1J",
                "RUDO1K",
                "SORU1B",
                "SORU1J",
                "SORU1K",
                "TIBE1B",
                "TIBE1J",
                "TIBE1K"
            ]
        },
        "stacks": [
            "TIBET",
            "KA009",
            "N"
        ],
        "squawks": {
            "range": [
                "1501",
                "1570"
            ],
            "FIS": "1574"
        }
    },
    "URMO": {
        "type": "AD",
        "runway_ends": [
            "09",
            "27"
        ],
        "runway_tarmac": [
            "09/27"
        ],
        "sids": {
            "09": [
                "TAFI5A",
                "TAFI5B",
                "TAFI5G",
                "TAFI5H",
                "ATMA5A",
                "ATMA5B",
                "ATMA5E",
                "ATMA5G",
                "ATMA5H",
                "ATMA5J",
                "GORA5A",
                "GORA5B",
                "GORA5G",
                "GORA5H"
            ],
            "27": [
                "TAFI5C",
                "TAFI5K",
                "ATMA5C",
                "ATMA5D",
                "ATMA5K",
                "ATMA5L",
                "GORA5C",
                "GORA5D",
                "GORA5K",
                "GORA5L"
            ]
        },
        "stars": {
            "09": [
                "TAFI5S",
                "TAFI5R",
                "TAFI5Q",
                "ATMG5S",
                "ATMA5Q",
                "GORA5S",
                "GORA5Q"
            ],
            "27": [
                "TAFI5U",
                "TAFI5T",
                "TAFI5R",
                "TAFI5Q",
                "ATMA5U",
                "ATMA5T",
                "ATMA5Q",
                "GORA5U",
                "GORA5T",
                "GORA5Q"
            ]
        },
        "stacks": [
            "MO204",
            "MO002"
        ],
        "squawks": {
            "range": [
                "0601",
                "0670"
            ],
            "FIS": "4274"
        }
    },
    "URKG": {
        "type": "AD",
        "runway_ends": [
            "01",
            "19"
        ],
        "runway_tarmac": [
            "01/19"
        ],
        "sids": {
            "01": [
                "DORO1C",
                "DORO3C",
                "NALU1C",
                "NALU3C",
                "LIMA1C",
                "LIMA3C",
                "KUTO1C",
                "KUTO3C",
                "OSNI1C",
                "OSNI3C"
            ],
            "19": [
                "DORO1A",
                "DORO1B",
                "DORO3B",
                "NALU1A",
                "NALU1B",
                "NALU3B",
                "LIMA1A",
                "LIMA1B",
                "LIMA3B",
                "KUTO1A",
                "KUTO1B",
                "KUTO3B",
                "OSNI1A",
                "OSNI1B",
                "OSNI3B"
            ]
        },
        "stars": {
            "01": [
                "DORO4",
                "DORO2",
                "DORO4C",
                "DORO4A",
                "DORO2A",
                "DORO2C",
                "DORO2B",
                "LIMA4",
                "LIMA2",
                "LIMA4C",
                "LIMA4A",
                "LIMA2C",
                "LIMA2B",
                "LIMA2A",
                "KUTO4",
                "KUTO2",
                "KUTO4C",
                "KUTO4A",
                "KUTO2C",
                "KUTO2B",
                "KUTO2A",
                "RULA4",
                "RULA2",
                "RULA4C",
                "RULA2C",
                "OSNI2A",
                "OSNI4A"
            ],
            "19": []
        },
        "stacks": [
            "LIMAS",
            "KUTON"
        ],
        "squawks": {
            "range": [
                "2701",
                "2770"
            ],
            "FIS": "2774"
        }
    },
    "URKL": {
        "type": "AD",
        "runway_ends": [
            "09",
            "27"
        ],
        "runway_tarmac": [
            "09/27"
        ],
        "sids": {
            "09": [],
            "27": []
        },
        "stars": {
            "09": [],
            "27": []
        },
        "stacks": [
            "SM",
            "XT"
        ],
        "squawks": {
            "range": [
                "1701",
                "1770"
            ],
            "FIS": "1774"
        }
    },
    "URKK": {
        "type": "AD",
        "runway_ends": [
            "05R",
            "23L"
        ],
        "runway_tarmac": [
            "05R/23L"
        ],
        "sids": {
            "05R": [
                "AGID6A",
                "GINE6A",
                "GINE6V",
                "OSNI6A",
                "OSNI6V",
                "RULA6A",
                "RULA6V",
                "DV6A",
                "DV6V",
                "RANI6A",
                "RANI6V",
                "KURA6A",
                "KURA6V",
                "UMBI6A",
                "UMBI6V",
                "KULE6A",
                "KULE6V",
                "UH6A",
                "UH6V",
                "UH6X",
                "RINE6A",
                "RINE6V",
                "BALE6A",
                "BALE6V"
            ],
            "23L": [
                "AGID6D",
                "GINE6D",
                "GINE6T",
                "OSNI6D",
                "OSNI6T",
                "RULA6D",
                "RULA6T",
                "DV6D",
                "DV6T",
                "RANI6D",
                "RANI6T",
                "KURA6D",
                "KURA6T",
                "UMBI6D",
                "UMBI6T",
                "KULE6D",
                "KULE6T",
                "UH6D",
                "UH6T",
                "RINE6T",
                "BALE6D",
                "BALE6T"
            ]
        },
        "stars": {
            "05L": [
                "AGID6R",
                "AGID6M",
                "AGID6H",
                "GINE6H",
                "OSNI6R",
                "OSNI6M",
                "OSNI6H",
                "RULA6R",
                "RULA6M",
                "RULA6H",
                "SIBA6R",
                "SIBA6M",
                "SIBA6H",
                "MOLI6R",
                "MOLI6M",
                "MOLI6H",
                "RANI6R",
                "RANI6M",
                "RANI6H",
                "KURA6R",
                "KURA6M",
                "KURA6H",
                "UMBI6R",
                "UMBI6M",
                "UMBI6H",
                "KULE6M",
                "KULE6H",
                "ND6R",
                "ND6M",
                "ND6H",
                "BALE6R",
                "BALE6M",
                "BALE6H"
            ],
            "23L": [
                "AGID6Y",
                "AGID6M",
                "AGID6K",
                "GINE6K",
                "OSNI6Y",
                "OSNI6M",
                "OSNI6K",
                "RULA6Y",
                "RULA6M",
                "RULA6K",
                "SIBA6Y",
                "SIBA6M",
                "SIBA6K",
                "MOLI6Y",
                "MOLI6M",
                "MOLI6K",
                "RANI6Y",
                "RANI6M",
                "RANI6K",
                "KURA6Y",
                "KURA6M",
                "KURA6K",
                "UMBI6Y",
                "UMBI6M",
                "UMBI6K",
                "KULE6Y",
                "KULE6M",
                "KULE6K",
                "ND6Y",
                "ND6M",
                "ND6K",
                "BALE6Y",
                "BALE6M",
                "BALE6K"
            ]
        },
        "stacks": [
            "SM",
            "XT"
        ],
        "squawks": {
            "range": [
                "7201",
                "7270"
            ],
            "FIS": "7274"
        }
    },
    "URKW": {
        "type": "AD",
        "runway_ends": [
            "04",
            "22"
        ],
        "runway_tarmac": [
            "04/22"
        ],
        "sids": {
            "04": [],
            "19": []
        },
        "stars": {
            "04": [],
            "19": []
        },
        "stacks": [],
        "squawks": {
            "range": [
                "6501",
                "6570"
            ],
            "FIS": "6574"
        }
    },
    "URKH": {
        "type": "AD",
        "runway_ends": [
            "04",
            "22"
        ],
        "runway_tarmac": [
            "04/22"
        ],
        "sids": {
            "04": [],
            "22": []
        },
        "stars": {
            "04": [],
            "22": []
        },
        "stacks": [],
        "squawks": {
            "range": [
                "7301",
                "7370"
            ],
            "FIS": "7374"
        }
    },
    "URMM": {
        "type": "AD",
        "runway_ends": [
            "12",
            "30"
        ],
        "runway_tarmac": [
            "12/30"
        ],
        "sids": {
            "12": [
                "SULO5G",
                "SULO5J",
                "SULO5L",
                "ABEL5G",
                "ABEL5J",
                "ABEL5L",
                "RESL5G",
                "RESL5J",
                "RESL5L",
                "MOZA5G",
                "MOZA5J",
                "MOZA5L",
                "MOZA5V",
                "OKAR5G",
                "OKAR5J",
                "OKAR5L",
                "URIL5G",
                "URIL5J",
                "URIL5L",
                "OGEM5G",
                "OGEM5J",
                "OGEM5L",
                "UGBE5G",
                "UGBE5J",
                "UGBE5L",
                "LARI5G",
                "LARI5J",
                "LARI5L",
                "LARI5U"
            ],
            "30": [
                "SULO5H",
                "SULO5K",
                "SULO5M",
                "ABEL5H",
                "ABEL5K",
                "ABEL5M",
                "RESL5H",
                "RESL5K",
                "RESL5M",
                "MOZA5H",
                "MOZA5K",
                "MOZA5M",
                "OKAR5H",
                "OKAR5K",
                "OKAR5M",
                "URIL5H",
                "URIL5K",
                "URIL5M",
                "OGEM5H",
                "OGEM5K",
                "OGEM5M",
                "UGBE5H",
                "UGBE5K",
                "UGBE5M",
                "LARI5H",
                "LARI5K",
                "LARI5M"
            ]
        },
        "stars": {
            "12": [
                "SULO5F",
                "SULO5E",
                "SULO5C",
                "SULO5A",
                "ABEL5F",
                "ABEL5E",
                "ABEL5A",
                "RESL5F",
                "RESL5E",
                "RESL5C",
                "RESL5A",
                "OKAR5X",
                "OKAR5F",
                "OKAR5E",
                "OKAR5C",
                "OKAR5A",
                "URIL5X",
                "URIL5F",
                "URIL5E",
                "URIL5C",
                "URIL5A",
                "OGEM5F",
                "OGEM5E",
                "OGEM5C",
                "OGEM5A",
                "DEPS5F",
                "DEPS5E",
                "DEPS5C",
                "DEPS5A",
                "LARI5F",
                "LARI5E",
                "LARI5C",
                "LARI5A"
            ],
            "30": [
                "SULO5W",
                "SULO5F",
                "SULO5E",
                "SULO5D",
                "SULO5B",
                "ABEL5W",
                "ABEL5F",
                "ABEL5E",
                "ABEL5B",
                "RESL5Z",
                "RESL5W",
                "RESL5F",
                "RESL5E",
                "RESL5D",
                "RESL5B",
                "OKAR5F",
                "OKAR5E",
                "OKAR5D",
                "OKAR5B",
                "URIL5F",
                "URIL5E",
                "URIL5D",
                "URIL5B",
                "OGEM5F",
                "OGEM5E",
                "OGEM5D",
                "OGEM5B",
                "DEPS5F",
                "DEPS5E",
                "DEPS5D",
                "DEPS5B",
                "LARI5F",
                "LARI5E",
                "LARI5D",
                "LARI5B"
            ]
        },
        "stacks": [
            "RESLO",
            "OGEMO"
        ],
        "squawks": {
            "range": [
                "6201",
                "6270"
            ],
            "FIS": "6274"
        }
    },
    "XRMF": {
        "type": "AD",
        "runway_ends": [
            "08",
            "26"
        ],
        "runway_tarmac": [
            "08/26"
        ],
        "sids": {
            "08": [],
            "26": []
        },
        "stars": {
            "08": [],
            "26": []
        },
        "stacks": [],
        "squawks": {
            "range": [
                "3201",
                "3270"
            ],
            "FIS": "3274"
        }
    },
    "URMN": {
        "type": "AD",
        "runway_ends": [
            "06",
            "24"
        ],
        "runway_tarmac": [
            "06/24"
        ],
        "sids": {
            "06": [
                "ABGA1C",
                "ABGA1D",
                "ABGA1E",
                "ABGA1G",
                "ABGA1H",
                "ABGA1J",
                "MOZA1C",
                "MOZA1D",
                "MOZA1E",
                "MOZA1G",
                "MOZA1H",
                "MOZA1J",
                "DUFL1C",
                "DUFL1D",
                "DUFL1E",
                "DUFL1G",
                "DUFL1H",
                "DUFL1J",
                "NAMO1C",
                "NAMO1D",
                "NAMO1E",
                "NAMO1G",
                "NAMO1H",
                "NAMO1J",
                "TAFI1C",
                "TAFI1D",
                "TAFI1E",
                "TAFI1G",
                "TAFI1H",
                "TAFI1J",
                "MEMZ1C",
                "MEMZ1D",
                "MEMZ1E",
                "MEMZ1J",
                "OKAR1C",
                "OKAR1D",
                "OKAR1E",
                "OKAR1G",
                "OKAR1H",
                "OKAR1J"
            ],
            "24": []
        },
        "stars": {
            "06": [],
            "24": [
                "ABGA1F",
                "ABGA1B",
                "ABGA1A",
                "MOZA1F",
                "MOZA1B",
                "MOZA1A",
                "DUFL1F",
                "DUFL1B",
                "DUFL1A",
                "TAFI1F",
                "TAFI1B",
                "TAFI1A",
                "MEMZ1F",
                "MEMZ1B",
                "MEMZ1A",
                "OKAR1F",
                "OKAR1B",
                "OKAR1A"
            ]
        },
        "stacks": [],
        "squawks": {
            "range": [
                "1601",
                "1670"
            ],
            "FIS": "1674"
        }
    },
    "URKN": {
        "type": "AD",
        "runway_ends": [
            "04",
            "22"
        ],
        "runway_tarmac": [
            "04/22"
        ],
        "sids": {
            "04": [],
            "22": []
        },
        "stars": {
            "04": [],
            "22": []
        },
        "stacks": [],
        "squawks": {
            "range": [
                "2701",
                "2770"
            ],
            "FIS": "2774"
        }
    },
    "URSS": {
        "type": "AD",
        "runway_ends": [
            "06",
            "24"
        ],
        "runway_tarmac": [
            "06/24"
        ],
        "sids": {
            "06": [],
            "24": [
                "LA1C",
                "LA1X",
                "LAME1C",
                "LAME1X",
                "LAME1Y",
                "TABA1C",
                "BINO2C",
                "IRGI1C",
                "IRGI1X",
                "ADNE1C",
                "ADNE1X"
            ]
        },
        "stars": {
            "06": [
                "MOBI1L",
                "MOBI1J",
                "MOBI1G",
                "MOBI1F",
                "DIRU1L",
                "DIRU1J",
                "DIRU1G",
                "DIRU1F",
                "KARA1L",
                "KARA1J",
                "KARA1G",
                "KARAF",
                "BANU1L",
                "BANU1J",
                "BANU1G",
                "BANU1F",
                "BINO1L",
                "BINO1J",
                "BINO1G",
                "BINO1F",
                "AG1L",
                "AG1J",
                "AG1G",
                "AG1F"
            ],
            "24": []
        },
        "stacks": [
            "KOGUL",
            "GOKIN"
        ],
        "squawks": {
            "range": [
                "5301",
                "5370"
            ],
            "FIS": "5374"
        }
    },
    "UGSB": {
        "type": "AD",
        "runway_ends": [
            "12",
            "30"
        ],
        "runway_tarmac": [
            "12/30"
        ],
        "sids": {
            "12": [],
            "30": [
                "IZER1",
                "PORZ1",
                "TUZZ1",
                "FIBB1",
                "BARU1"
            ]
        },
        "stars": {
            "09": [
                "ROLI1",
                "SOSE1",
                "KUSS1",
                "ODIL1",
                "SARP1"
            ],
            "30": []
        },
        "stacks": [
            "SOSED",
            "DIOMI"
        ],
        "squawks": {
            "range": [
                "4201",
                "4270"
            ],
            "FIS": "4274"
        }
    },
    "UG23": {
        "type": "AD",
        "runway_ends": [
            "15",
            "33"
        ],
        "runway_tarmac": [
            "15/33"
        ],
        "sids": {
            "15": [],
            "33": []
        },
        "stars": {
            "15": [],
            "33": []
        },
        "stacks": [],
        "squawks": {
            "range": [
                "6101",
                "6170"
            ],
            "FIS": "6174"
        }
    },
    "UG5X": {
        "type": "AD",
        "runway_ends": [
            "07",
            "25"
        ],
        "runway_tarmac": [
            "07/25"
        ],
        "sids": {
            "07": [],
            "25": []
        },
        "stars": {
            "07": [],
            "25": []
        },
        "stacks": [],
        "squawks": {
            "range": [
                "3301",
                "3370"
            ],
            "FIS": "3374"
        }
    },
    "UGKO": {
        "type": "AD",
        "runway_ends": [
            "07",
            "25"
        ],
        "runway_tarmac": [
            "07/25"
        ],
        "sids": {
            "07": [
                "KADZ1D",
                "KADZ1F",
                "KADZ1G",
                "KUSS1D",
                "KUSS1G",
                "VIZR1D",
                "VIZR1G"
            ],
            "25": [
                "KADZ1E",
                "KUSS1E",
                "VIZR1E"
            ]
        },
        "stars": {
            "07": [
                "MAQQ1A",
                "TUZZ1A",
                "EMBU1A",
                "BASK1A"
            ],
            "25": [
                "MAQQ1B",
                "TUZZ1B",
                "EMBU1B",
                "BASK1B"
            ]
        },
        "stacks": [
            "EMBUS",
            "MAQQO"
        ],
        "squawks": {
            "range": [
                "4701",
                "4770"
            ],
            "FIS": "4774"
        }
    },
    "UGKS": {
        "type": "AD",
        "runway_ends": [
            "09",
            "27"
        ],
        "runway_tarmac": [
            "09/27"
        ],
        "sids": {
            "09": [],
            "27": []
        },
        "stars": {
            "09": [],
            "27": []
        },
        "stacks": [
            "MAQQO"
        ],
        "squawks": {
            "range": [
                "5201",
                "5270"
            ],
            "FIS": "5271"
        }
    },
    "UGSS": {
        "type": "AD",
        "runway_ends": [
            "12",
            "30"
        ],
        "runway_tarmac": [
            "12/30"
        ],
        "sids": {
            "12": [],
            "30": []
        },
        "stars": {
            "12": [],
            "30": []
        },
        "stacks": [],
        "squawks": {
            "range": [
                "4601",
                "4670"
            ],
            "FIS": "4674"
        }
    },
    "UGTB": {
        "type": "AD",
        "runway_ends": [
            "13R",
            "31L"
        ],
        "runway_tarmac": [
            "UGTB 13R/31L",
            "UG24 13R/31L",
            "UG27 14/32"
        ],
        "sids": {
            "13R": [
                "PALL1",
                "DF1E",
                "LAPT1E",
                "KUFA1E",
                "DISK1E",
                "TAVR1E"
            ],
            "31L": [
                "ZAGO1",
                "DF1D",
                "LAPT1D",
                "KUFA1D",
                "DISK1D",
                "TAVR1D"
            ]
        },
        "stars": {
            "13R": [
                "LAGA1B",
                "GIMU1B",
                "LAMU1B",
                "TISO1B"
            ],
            "31L": [
                "LAGA1A",
                "GIMU1A",
                "LAMU1A",
                "TISO1A"
            ]
        },
        "stacks": [
            "LAGAS",
            "GIMUR",
            "LAMUS"
        ],
        "squawks": {
            "range": [
                "6001",
                "6070"
            ],
            "FIS": "6074"
        }
    },
    "UG24": {
        "type": "AD",
        "runway_ends": [
            "13R",
            "31L"
        ],
        "runway_tarmac": [
            "13R/31L"
        ],
        "sids": {
            "13R": [],
            "31L": []
        },
        "stars": {
            "13R": [],
            "31L": []
        },
        "stacks": [
            "LAGAS",
            "GIMUR",
            "LAMUS"
        ],
        "squawks": {
            "range": [
                "6001",
                "6070"
            ],
            "FIS": "6074"
        }
    },
    "UG27": {
        "type": "AD",
        "runway_ends": [
            "14",
            "32"
        ],
        "runway_tarmac": [
            "14/32"
        ],
        "sids": {
            "14": [],
            "32": []
        },
        "stars": {
            "14": [],
            "32": []
        },
        "stacks": [
            "LAGAS",
            "GIMUR",
            "LAMUS"
        ],
        "squawks": {
            "range": [
                "6001",
                "6074"
            ],
            "FIS": "6074"
        }
    },
    "AC_URRV": {
        "type": "AC",
        "aerodrome": "URSS",
        "stacks": [],
        "squawks": {
            "range": [
                "0101",
                "0130"
            ],
            "FIS": "0134"
        }
    },
    "AC_URRV_E": {
        "type": "AC",
        "aerodrome": "URMM",
        "stacks": [],
        "squawks": {
            "range": [
                "0101",
                "0130"
            ],
            "FIS": "0134"
        }
    },
    "AC_URRV_W": {
        "type": "AC",
        "aerodrome": "URSS",
        "stacks": [],
        "squawks": {
            "range": [
                "0101",
                "0130"
            ],
            "FIS": "0134"
        }
    },
    "AC_UGGG": {
        "type": "AC",
        "aerodrome": "UGTB",
        "stacks": [],
        "squawks": {
            "range": [
                "7101",
                "7130"
            ],
            "FIS": "7134"
        }
    },
    "AC_UGGG_E": {
        "type": "AC",
        "aerodrome": "UGTB",
        "stacks": [],
        "squawks": {
            "range": [
                "7101",
                "7130"
            ],
            "FIS": "7134"
        }
    },
    "AC_UGGG_W": {
        "type": "AC",
        "aerodrome": "UGKO",
        "stacks": [],
        "squawks": {
            "range": [
                "7101",
                "7130"
            ],
            "FIS": "7134"
        }
    },
    "TC_URKX": {
        "type": "TC",
        "aerodrome": "URKL",
        "stacks": [],
        "squawks": {
            "range": [
                "0010",
                "0030"
            ],
            "FIS": "0034"
        }
    },
    "TC_URKX_E": {
        "type": "TC",
        "aerodrome": "URKL",
        "stacks": [],
        "squawks": {
            "range": [
                "0010",
                "0030"
            ],
            "FIS": "0034"
        }
    },
    "TC_URKX_W": {
        "type": "TC",
        "aerodrome": "URKL",
        "stacks": [],
        "squawks": {
            "range": [
                "0010",
                "0030"
            ],
            "FIS": "0034"
        }
    },
    "TC_UGKO": {
        "type": "TC",
        "aerodrome": "URKO",
        "stacks": [
            "EMBUS",
            "MAQQO"
        ],
        "squawks": {
            "range": [
                "7141",
                "7170"
            ],
            "FIS": "7174"
        }
    },
    "TC_URSS": {
        "type": "TC",
        "aerodrome": "URSS",
        "stacks": [],
        "squawks": {
            "range": [
                "0040",
                "0060"
            ],
            "FIS": "0064"
        }
    },
    "TC_URMM": {
        "type": "TC",
        "aerodrome": "URMM",
        "stacks": [],
        "squawks": {
            "range": [
                "0101",
                "0120"
            ],
            "FIS": "0124"
        }
    },
    "TC_URMM_N": {
        "type": "TC",
        "aerodrome": "URMM",
        "stacks": [],
        "squawks": {
            "range": [
                "0101",
                "0120"
            ],
            "FIS": "0124"
        }
    },
    "TC_URMM_S": {
        "type": "TC",
        "aerodrome": "URMM",
        "stacks": [],
        "squawks": {
            "range": [
                "0101",
                "0120"
            ],
            "FIS": "0124"
        }
    },
    "IN_URKX": {
        "type": "IN",
        "aerodrome": "URKL",
        "stacks": [],
        "squawks": {
            "range": [
                "5001",
                "5070"
            ],
            "FIS": "5074"
        }
    },
    "IN_UGGG": {
        "type": "IN",
        "aerodrome": "UGTB",
        "stacks": [],
        "squawks": {
            "range": [
                "7401",
                "7470"
            ],
            "FIS": "7474"
        }
    },
    "IN_URMM": {
        "type": "IN",
        "aerodrome": "URMM",
        "stacks": [],
        "squawks": {
            "range": [
                "4401",
                "4470"
            ],
            "FIS": "4474"
        }
    },
    "LTAG": {
        "type": "AD",
        "runway_ends": [
            "05",
            "23"
        ],
        "runway_tarmac": [
            "05/23"
        ],
        "sids": {
            "05": [
                "EAGL5",
                "TIGE5",
                "FALC5"
            ],
            "23": [
                "EAGL23",
                "TIGE23",
                "FALC23"
            ]
        },
        "stars": {
            "05": [
                "EAGL5",
                "TIGE5",
                "FALC5"
            ],
            "23": [
                "EAGL23",
                "TIGE23",
                "FALC23"
            ]
        },
        "stacks": [],
        "squawks": {
            "range": [
                "0041",
                "0060"
            ],
            "FIS": "0040"
        }
    },
    "LCRA": {
        "type": "AD",
        "runway_ends": [
            "10",
            "28"
        ],
        "runway_tarmac": [
            "10/28"
        ],
        "sids": {
            "10": [
                "EAST3",
                "WEST1",
                "WEST2"
            ],
            "28": [
                "EAST3",
                "WEST1",
                "WEST2"
            ]
        },
        "stars": {
            "10": [],
            "28": []
        },
        "stacks": [],
        "squawks": {
            "range": [
                "0141",
                "0160"
            ],
            "FIS": "0140"
        }
    }
}